CREATE DATABASE DRIVINGSCHOOL
GO

USE DRIVINGSCHOOL
GO
CREATE TABLE CLIENT
(
	CUSERNAME VARCHAR(20),
	CPASSWORD VARCHAR(20),
	CSNAME VARCHAR(20),
	CFNAME VARCHAR(20),
	CEMAIL VARCHAR(20),
	CPHONE VARCHAR(10),
	CEXP VARCHAR(15),
	PRIMARY KEY (CFNAME, CSNAME),
);
CREATE TABLE ADMINISTRATOR
(
	AUSERNAME VARCHAR(20) PRIMARY KEY,
	APASSWORD VARCHAR(20),
	ASNAME VARCHAR(20),
	AFNAME VARCHAR(20),
	AEMAIL VARCHAR(20),
	APHONE VARCHAR(10),
);
CREATE TABLE INSTRUCTOR
(
	IUSERNAME VARCHAR(20),
	IPASSWORD VARCHAR(20),
	ISNAME VARCHAR(20),
	IFNAME VARCHAR(20),
	IEMAIL VARCHAR(20),
	IPHONE VARCHAR(10),
	PRIMARY KEY(IUSERNAME, IFNAME),
);

CREATE TABLE CAR
(
	MAKE VARCHAR(15),
	LICENSE VARCHAR(10) PRIMARY KEY,
);
CREATE TABLE TIMEPLUSDATES
(
	TIMES VARCHAR(50),
	DATES VARCHAR(50),
	PRIMARY KEY(TIMES,DATES),
);
CREATE TABLE INSTRUCTORAVAIL
(
	TIMES VARCHAR(50),
	DATES VARCHAR(50),
	IUSERNAME VARCHAR(20),
	IFNAME VARCHAR(20),
	FOREIGN KEY (TIMES,DATES) REFERENCES TIMEPLUSDATES(TIMES,DATES),
	FOREIGN KEY (IUSERNAME ,IFNAME) REFERENCES INSTRUCTOR(IUSERNAME ,IFNAME),
);
CREATE TABLE VEHICLEBOOKING
(
	TIMES VARCHAR(50),
	DATES VARCHAR(50),
	LICENSE VARCHAR(10) FOREIGN KEY REFERENCES CAR(LICENSE),
	FOREIGN KEY (TIMES,DATES) REFERENCES TIMEPLUSDATES(TIMES,DATES),
);

CREATE TABLE TIMESLOTFINAL
(
	ID INT NOT NULL IDENTITY PRIMARY KEY,
	LICENSE VARCHAR(10),
	TIMES VARCHAR(50),
	DATES VARCHAR(50),
	CFNAME VARCHAR(20),
	CSNAME VARCHAR(20),
	IFNAME VARCHAR(20),
);

INSERT INTO CAR(MAKE,LICENSE) VALUES('TOYOTA', '123ABC')
INSERT INTO CAR(MAKE,LICENSE) VALUES('MAZDA','456DEF')
INSERT INTO CAR(MAKE,LICENSE) VALUES('FORD', '789GHI')
INSERT INTO CAR(MAKE,LICENSE) VALUES('HOLDEN','065JKL')
INSERT INTO CAR(MAKE,LICENSE) VALUES('FERRARI','FAST05')

INSERT INTO TIMEPLUSDATES(TIMES, DATES) VALUES ('9:00am - 10:00am', 'Thursday 1 June 2017')
INSERT INTO TIMEPLUSDATES(TIMES, DATES) VALUES ('10:00am - 11.00am', 'Thursday 1 June 2017')
INSERT INTO TIMEPLUSDATES(TIMES, DATES) VALUES ('11:00am - 12:00pm', 'Thursday 1 June 2017')
INSERT INTO TIMEPLUSDATES(TIMES, DATES) VALUES ('12:00pm - 1:00pm', 'Thursday 1 June 2017')
INSERT INTO TIMEPLUSDATES(TIMES, DATES) VALUES ('1:00pm - 2:00pm', 'Thursday 1 June 2017')
INSERT INTO TIMEPLUSDATES(TIMES, DATES) VALUES ('2:00pm - 3:00pm', 'Thursday 1 June 2017')
INSERT INTO TIMEPLUSDATES(TIMES, DATES) VALUES ('3:00pm - 4:00pm', 'Thursday 1 June 2017')
INSERT INTO TIMEPLUSDATES(TIMES, DATES) VALUES ('4:00pm - 5:00pm', 'Thursday 1 June 2017')

INSERT INTO INSTRUCTOR(IUSERNAME, IPASSWORD, ISNAME, IFNAME, IEMAIL,IPHONE) VALUES ('i1','p1','Jeffrey','Jeff','Jeffrey@gmail.com','022654788')
INSERT INTO INSTRUCTOR(IUSERNAME, IPASSWORD, ISNAME, IFNAME, IEMAIL,IPHONE) VALUES ('i2','p2','Down','James','Down@gmail.com','027654788')
INSERT INTO INSTRUCTOR(IUSERNAME, IPASSWORD, ISNAME, IFNAME, IEMAIL,IPHONE) VALUES ('i3','p3','Hill','Jill', 'Hill@gmail.com','021654788')
-- jeff week1
INSERT INTO INSTRUCTORAVAIL(TIMES, DATES, IUSERNAME, IFNAME) VALUES ('9:00am - 10:00am', 'Monday, 5 June 2017', 'i1', 'Jeff')
INSERT INTO INSTRUCTORAVAIL(TIMES, DATES, IUSERNAME, IFNAME) VALUES ('10:00am - 11.00am', 'Monday, 5 June 2017', 'i1', 'Jeff')
INSERT INTO INSTRUCTORAVAIL(TIMES, DATES, IUSERNAME, IFNAME) VALUES ('11:00am - 12:00pm', 'Monday, 5 June 2017', 'i1', 'Jeff')
INSERT INTO INSTRUCTORAVAIL(TIMES, DATES, IUSERNAME, IFNAME) VALUES ('12:00pm - 1:00pm', 'Monday, 5 June 2017', 'i1', 'Jeff')
INSERT INTO INSTRUCTORAVAIL(TIMES, DATES, IUSERNAME, IFNAME) VALUES ('1:00pm - 2:00pm', 'Monday, 5 June 2017', 'i1', 'Jeff')
INSERT INTO INSTRUCTORAVAIL(TIMES, DATES, IUSERNAME, IFNAME) VALUES ('2:00am - 3:00pm', 'Monday, 5 June 2017', 'i1', 'Jeff')
INSERT INTO INSTRUCTORAVAIL(TIMES, DATES, IUSERNAME, IFNAME) VALUES ('3:00pm - 4:00pm', 'Monday, 5 June 2017', 'i1', 'Jeff')
INSERT INTO INSTRUCTORAVAIL(TIMES, DATES, IUSERNAME, IFNAME) VALUES ('4:00pm - 5:00pm', 'Monday, 5 June 2017', 'i1', 'Jeff')

INSERT INTO INSTRUCTORAVAIL(TIMES, DATES, IUSERNAME, IFNAME) VALUES ('9:00am - 10:00am', 'Tuesday, 6 June 2017', 'i1', 'Jeff')
INSERT INTO INSTRUCTORAVAIL(TIMES, DATES, IUSERNAME, IFNAME) VALUES ('10:00am - 11.00am', 'Tuesday, 6 June 2017', 'i1', 'Jeff')
INSERT INTO INSTRUCTORAVAIL(TIMES, DATES, IUSERNAME, IFNAME) VALUES ('11:00am - 12:00pm', 'Tuesday, 6 June 2017', 'i1', 'Jeff')
INSERT INTO INSTRUCTORAVAIL(TIMES, DATES, IUSERNAME, IFNAME) VALUES ('12:00pm - 1:00pm', 'Tuesday, 6 June 2017', 'i1', 'Jeff')
INSERT INTO INSTRUCTORAVAIL(TIMES, DATES, IUSERNAME, IFNAME) VALUES ('1:00pm - 2:00pm', 'Tuesday, 6 June 2017', 'i1', 'Jeff')
INSERT INTO INSTRUCTORAVAIL(TIMES, DATES, IUSERNAME, IFNAME) VALUES ('2:00am - 3:00pm', 'Tuesday, 6 June 2017', 'i1', 'Jeff')
INSERT INTO INSTRUCTORAVAIL(TIMES, DATES, IUSERNAME, IFNAME) VALUES ('3:00pm - 4:00pm', 'Tuesday, 6 June 2017', 'i1', 'Jeff')
INSERT INTO INSTRUCTORAVAIL(TIMES, DATES, IUSERNAME, IFNAME) VALUES ('4:00pm - 5:00pm', 'Tuesday, 6 June 2017', 'i1', 'Jeff')

INSERT INTO INSTRUCTORAVAIL(TIMES, DATES, IUSERNAME, IFNAME) VALUES ('9:00am - 10:00am', 'Wednesday, 7 June 2017', 'i1', 'Jeff')
INSERT INTO INSTRUCTORAVAIL(TIMES, DATES, IUSERNAME, IFNAME) VALUES ('10:00am - 11.00am', 'Wednesday, 7 June 2017', 'i1', 'Jeff')
INSERT INTO INSTRUCTORAVAIL(TIMES, DATES, IUSERNAME, IFNAME) VALUES ('11:00am - 12:00pm', 'Wednesday, 7 June 2017', 'i1', 'Jeff')
INSERT INTO INSTRUCTORAVAIL(TIMES, DATES, IUSERNAME, IFNAME) VALUES ('12:00pm - 1:00pm', 'Wednesday, 7 June 2017', 'i1', 'Jeff')
INSERT INTO INSTRUCTORAVAIL(TIMES, DATES, IUSERNAME, IFNAME) VALUES ('1:00pm - 2:00pm', 'Wednesday, 7 June 2017', 'i1', 'Jeff')
INSERT INTO INSTRUCTORAVAIL(TIMES, DATES, IUSERNAME, IFNAME) VALUES ('2:00am - 3:00pm', 'Wednesday, 7 June 2017', 'i1', 'Jeff')
INSERT INTO INSTRUCTORAVAIL(TIMES, DATES, IUSERNAME, IFNAME) VALUES ('3:00pm - 4:00pm', 'Wednesday, 7 June 2017', 'i1', 'Jeff')
INSERT INTO INSTRUCTORAVAIL(TIMES, DATES, IUSERNAME, IFNAME) VALUES ('4:00pm - 5:00pm', 'Wednesday, 7 June 2017', 'i1', 'Jeff')

INSERT INTO INSTRUCTORAVAIL(TIMES, DATES, IUSERNAME, IFNAME) VALUES ('9:00am - 10:00am', 'Thursday, 8 June 2017', 'i1', 'Jeff')
INSERT INTO INSTRUCTORAVAIL(TIMES, DATES, IUSERNAME, IFNAME) VALUES ('10:00am - 11.00am', 'Thursday, 8 June 2017', 'i1', 'Jeff')
INSERT INTO INSTRUCTORAVAIL(TIMES, DATES, IUSERNAME, IFNAME) VALUES ('11:00am - 12:00pm', 'Thursday, 8 June 2017', 'i1', 'Jeff')
INSERT INTO INSTRUCTORAVAIL(TIMES, DATES, IUSERNAME, IFNAME) VALUES ('12:00pm - 1:00pm', 'Thursday, 8 June 2017', 'i1', 'Jeff')
INSERT INTO INSTRUCTORAVAIL(TIMES, DATES, IUSERNAME, IFNAME) VALUES ('1:00pm - 2:00pm', 'Thursday, 8 June 2017', 'i1', 'Jeff')
INSERT INTO INSTRUCTORAVAIL(TIMES, DATES, IUSERNAME, IFNAME) VALUES ('2:00am - 3:00pm', 'Thursday, 8 June 2017', 'i1', 'Jeff')
INSERT INTO INSTRUCTORAVAIL(TIMES, DATES, IUSERNAME, IFNAME) VALUES ('3:00pm - 4:00pm', 'Thursday, 8 June 2017', 'i1', 'Jeff')
INSERT INTO INSTRUCTORAVAIL(TIMES, DATES, IUSERNAME, IFNAME) VALUES ('4:00pm - 5:00pm', 'Thursday, 8 June 2017', 'i1', 'Jeff')

INSERT INTO INSTRUCTORAVAIL(TIMES, DATES, IUSERNAME, IFNAME) VALUES ('9:00am - 10:00am', 'Friday, 9 June 2017', 'i1', 'Jeff')
INSERT INTO INSTRUCTORAVAIL(TIMES, DATES, IUSERNAME, IFNAME) VALUES ('10:00am - 11.00am', 'Friday, 9 June 2017', 'i1', 'Jeff')
INSERT INTO INSTRUCTORAVAIL(TIMES, DATES, IUSERNAME, IFNAME) VALUES ('11:00am - 12:00pm', 'Friday, 9 June 2017', 'i1', 'Jeff')
INSERT INTO INSTRUCTORAVAIL(TIMES, DATES, IUSERNAME, IFNAME) VALUES ('12:00pm - 1:00pm', 'Friday, 9 June 2017', 'i1', 'Jeff')
INSERT INTO INSTRUCTORAVAIL(TIMES, DATES, IUSERNAME, IFNAME) VALUES ('1:00pm - 2:00pm', 'Friday, 9 June 2017', 'i1', 'Jeff')
INSERT INTO INSTRUCTORAVAIL(TIMES, DATES, IUSERNAME, IFNAME) VALUES ('2:00am - 3:00pm', 'Friday, 9 June 2017', 'i1', 'Jeff')
INSERT INTO INSTRUCTORAVAIL(TIMES, DATES, IUSERNAME, IFNAME) VALUES ('3:00pm - 4:00pm', 'Friday, 9 June 2017', 'i1', 'Jeff')
INSERT INTO INSTRUCTORAVAIL(TIMES, DATES, IUSERNAME, IFNAME) VALUES ('4:00pm - 5:00pm', 'Friday, 9 June 2017', 'i1', 'Jeff')

INSERT INTO INSTRUCTORAVAIL(TIMES, DATES, IUSERNAME, IFNAME) VALUES ('9:00am - 10:00am', 'Saturday, 10 June 2017', 'i1', 'Jeff')
INSERT INTO INSTRUCTORAVAIL(TIMES, DATES, IUSERNAME, IFNAME) VALUES ('10:00am - 11.00am', 'Saturday, 10 June 2017', 'i1', 'Jeff')
INSERT INTO INSTRUCTORAVAIL(TIMES, DATES, IUSERNAME, IFNAME) VALUES ('11:00am - 12:00pm', 'Saturday, 10 June 2017', 'i1', 'Jeff')
INSERT INTO INSTRUCTORAVAIL(TIMES, DATES, IUSERNAME, IFNAME) VALUES ('12:00pm - 1:00pm', 'Saturday, 10 June 2017', 'i1', 'Jeff')
INSERT INTO INSTRUCTORAVAIL(TIMES, DATES, IUSERNAME, IFNAME) VALUES ('1:00pm - 2:00pm', 'Saturday, 10 June 2017', 'i1', 'Jeff')
INSERT INTO INSTRUCTORAVAIL(TIMES, DATES, IUSERNAME, IFNAME) VALUES ('2:00am - 3:00pm', 'Saturday, 10 June 2017', 'i1', 'Jeff')
INSERT INTO INSTRUCTORAVAIL(TIMES, DATES, IUSERNAME, IFNAME) VALUES ('3:00pm - 4:00pm', 'Saturday, 10 June 2017', 'i1', 'Jeff')
INSERT INTO INSTRUCTORAVAIL(TIMES, DATES, IUSERNAME, IFNAME) VALUES ('4:00pm - 5:00pm', 'Saturday, 10 June 2017', 'i1', 'Jeff')
--week1 james
INSERT INTO INSTRUCTORAVAIL(TIMES, DATES, IUSERNAME, IFNAME) VALUES ('9:00am - 10:00am', 'Monday, 5 June 2017', 'i2', 'James')
INSERT INTO INSTRUCTORAVAIL(TIMES, DATES, IUSERNAME, IFNAME) VALUES ('10:00am - 11.00am', 'Monday, 5 June 2017', 'i2', 'James')
INSERT INTO INSTRUCTORAVAIL(TIMES, DATES, IUSERNAME, IFNAME) VALUES ('11:00am - 12:00pm', 'Monday, 5 June 2017', 'i2', 'James')
INSERT INTO INSTRUCTORAVAIL(TIMES, DATES, IUSERNAME, IFNAME) VALUES ('12:00pm - 1:00pm', 'Monday, 5 June 2017', 'i2', 'James')
INSERT INTO INSTRUCTORAVAIL(TIMES, DATES, IUSERNAME, IFNAME) VALUES ('1:00pm - 2:00pm', 'Monday, 5 June 2017', 'i2', 'James')
INSERT INTO INSTRUCTORAVAIL(TIMES, DATES, IUSERNAME, IFNAME) VALUES ('2:00am - 3:00pm', 'Monday, 5 June 2017', 'i2', 'James')
INSERT INTO INSTRUCTORAVAIL(TIMES, DATES, IUSERNAME, IFNAME) VALUES ('3:00pm - 4:00pm', 'Monday, 5 June 2017', 'i2', 'James')
INSERT INTO INSTRUCTORAVAIL(TIMES, DATES, IUSERNAME, IFNAME) VALUES ('4:00pm - 5:00pm', 'Monday, 5 June 2017', 'i2', 'James')

INSERT INTO INSTRUCTORAVAIL(TIMES, DATES, IUSERNAME, IFNAME) VALUES ('9:00am - 10:00am', 'Tuesday, 6 June 2017', 'i2', 'James')
INSERT INTO INSTRUCTORAVAIL(TIMES, DATES, IUSERNAME, IFNAME) VALUES ('10:00am - 11.00am', 'Tuesday, 6 June 2017', 'i2', 'James')
INSERT INTO INSTRUCTORAVAIL(TIMES, DATES, IUSERNAME, IFNAME) VALUES ('11:00am - 12:00pm', 'Tuesday, 6 June 2017', 'i2', 'James')
INSERT INTO INSTRUCTORAVAIL(TIMES, DATES, IUSERNAME, IFNAME) VALUES ('12:00pm - 1:00pm', 'Tuesday, 6 June 2017', 'i2', 'James')
INSERT INTO INSTRUCTORAVAIL(TIMES, DATES, IUSERNAME, IFNAME) VALUES ('1:00pm - 2:00pm', 'Tuesday, 6 June 2017', 'i2', 'James')
INSERT INTO INSTRUCTORAVAIL(TIMES, DATES, IUSERNAME, IFNAME) VALUES ('2:00am - 3:00pm', 'Tuesday, 6 June 2017', 'i2', 'James')
INSERT INTO INSTRUCTORAVAIL(TIMES, DATES, IUSERNAME, IFNAME) VALUES ('3:00pm - 4:00pm', 'Tuesday, 6 June 2017', 'i2', 'James')
INSERT INTO INSTRUCTORAVAIL(TIMES, DATES, IUSERNAME, IFNAME) VALUES ('4:00pm - 5:00pm', 'Tuesday, 6 June 2017', 'i2', 'James')

INSERT INTO INSTRUCTORAVAIL(TIMES, DATES, IUSERNAME, IFNAME) VALUES ('9:00am - 10:00am', 'Wednesday, 7 June 2017', 'i2', 'James')
INSERT INTO INSTRUCTORAVAIL(TIMES, DATES, IUSERNAME, IFNAME) VALUES ('10:00am - 11.00am', 'Wednesday, 7 June 2017', 'i2', 'James')
INSERT INTO INSTRUCTORAVAIL(TIMES, DATES, IUSERNAME, IFNAME) VALUES ('11:00am - 12:00pm', 'Wednesday, 7 June 2017', 'i2', 'James')
INSERT INTO INSTRUCTORAVAIL(TIMES, DATES, IUSERNAME, IFNAME) VALUES ('12:00pm - 1:00pm', 'Wednesday, 7 June 2017', 'i2', 'James')
INSERT INTO INSTRUCTORAVAIL(TIMES, DATES, IUSERNAME, IFNAME) VALUES ('1:00pm - 2:00pm', 'Wednesday, 7 June 2017', 'i2', 'James')
INSERT INTO INSTRUCTORAVAIL(TIMES, DATES, IUSERNAME, IFNAME) VALUES ('2:00am - 3:00pm', 'Wednesday, 7 June 2017', 'i2', 'James')
INSERT INTO INSTRUCTORAVAIL(TIMES, DATES, IUSERNAME, IFNAME) VALUES ('3:00pm - 4:00pm', 'Wednesday, 7 June 2017', 'i2', 'James')
INSERT INTO INSTRUCTORAVAIL(TIMES, DATES, IUSERNAME, IFNAME) VALUES ('4:00pm - 5:00pm', 'Wednesday, 7 June 2017', 'i2', 'James')

INSERT INTO INSTRUCTORAVAIL(TIMES, DATES, IUSERNAME, IFNAME) VALUES ('9:00am - 10:00am', 'Thursday, 8 June 2017', 'i2', 'James')
INSERT INTO INSTRUCTORAVAIL(TIMES, DATES, IUSERNAME, IFNAME) VALUES ('10:00am - 11.00am', 'Thursday, 8 June 2017', 'i2', 'James')
INSERT INTO INSTRUCTORAVAIL(TIMES, DATES, IUSERNAME, IFNAME) VALUES ('11:00am - 12:00pm', 'Thursday, 8 June 2017', 'i2', 'James')
INSERT INTO INSTRUCTORAVAIL(TIMES, DATES, IUSERNAME, IFNAME) VALUES ('12:00pm - 1:00pm', 'Thursday, 8 June 2017', 'i2', 'James')
INSERT INTO INSTRUCTORAVAIL(TIMES, DATES, IUSERNAME, IFNAME) VALUES ('1:00pm - 2:00pm', 'Thursday, 8 June 2017', 'i2', 'James')
INSERT INTO INSTRUCTORAVAIL(TIMES, DATES, IUSERNAME, IFNAME) VALUES ('2:00am - 3:00pm', 'Thursday, 8 June 2017', 'i2', 'James')
INSERT INTO INSTRUCTORAVAIL(TIMES, DATES, IUSERNAME, IFNAME) VALUES ('3:00pm - 4:00pm', 'Thursday, 8 June 2017', 'i2', 'James')
INSERT INTO INSTRUCTORAVAIL(TIMES, DATES, IUSERNAME, IFNAME) VALUES ('4:00pm - 5:00pm', 'Thursday, 8 June 2017', 'i2', 'James')

INSERT INTO INSTRUCTORAVAIL(TIMES, DATES, IUSERNAME, IFNAME) VALUES ('9:00am - 10:00am', 'Friday, 9 June 2017', 'i2', 'James')
INSERT INTO INSTRUCTORAVAIL(TIMES, DATES, IUSERNAME, IFNAME) VALUES ('10:00am - 11.00am', 'Friday, 9 June 2017', 'i2', 'James')
INSERT INTO INSTRUCTORAVAIL(TIMES, DATES, IUSERNAME, IFNAME) VALUES ('11:00am - 12:00pm', 'Friday, 9 June 2017', 'i2', 'James')
INSERT INTO INSTRUCTORAVAIL(TIMES, DATES, IUSERNAME, IFNAME) VALUES ('12:00pm - 1:00pm', 'Friday, 9 June 2017', 'i2', 'James')
INSERT INTO INSTRUCTORAVAIL(TIMES, DATES, IUSERNAME, IFNAME) VALUES ('1:00pm - 2:00pm', 'Friday, 9 June 2017', 'i2', 'James')
INSERT INTO INSTRUCTORAVAIL(TIMES, DATES, IUSERNAME, IFNAME) VALUES ('2:00am - 3:00pm', 'Friday, 9 June 2017', 'i2', 'James')
INSERT INTO INSTRUCTORAVAIL(TIMES, DATES, IUSERNAME, IFNAME) VALUES ('3:00pm - 4:00pm', 'Friday, 9 June 2017', 'i2', 'James')
INSERT INTO INSTRUCTORAVAIL(TIMES, DATES, IUSERNAME, IFNAME) VALUES ('4:00pm - 5:00pm', 'Friday, 9 June 2017', 'i2', 'James')

INSERT INTO INSTRUCTORAVAIL(TIMES, DATES, IUSERNAME, IFNAME) VALUES ('9:00am - 10:00am', 'Saturday, 10 June 2017', 'i2', 'James')
INSERT INTO INSTRUCTORAVAIL(TIMES, DATES, IUSERNAME, IFNAME) VALUES ('10:00am - 11.00am', 'Saturday, 10 June 2017', 'i2', 'James')
INSERT INTO INSTRUCTORAVAIL(TIMES, DATES, IUSERNAME, IFNAME) VALUES ('11:00am - 12:00pm', 'Saturday, 10 June 2017', 'i2', 'James')
INSERT INTO INSTRUCTORAVAIL(TIMES, DATES, IUSERNAME, IFNAME) VALUES ('12:00pm - 1:00pm', 'Saturday, 10 June 2017', 'i2', 'James')
INSERT INTO INSTRUCTORAVAIL(TIMES, DATES, IUSERNAME, IFNAME) VALUES ('1:00pm - 2:00pm', 'Saturday, 10 June 2017', 'i2', 'James')
INSERT INTO INSTRUCTORAVAIL(TIMES, DATES, IUSERNAME, IFNAME) VALUES ('2:00am - 3:00pm', 'Saturday, 10 June 2017', 'i2', 'James')
INSERT INTO INSTRUCTORAVAIL(TIMES, DATES, IUSERNAME, IFNAME) VALUES ('3:00pm - 4:00pm', 'Saturday, 10 June 2017', 'i2', 'James')
INSERT INTO INSTRUCTORAVAIL(TIMES, DATES, IUSERNAME, IFNAME) VALUES ('4:00pm - 5:00pm', 'Saturday, 10 June 2017', 'i2', 'James')
--week1 jill
INSERT INTO INSTRUCTORAVAIL(TIMES, DATES, IUSERNAME, IFNAME) VALUES ('9:00am - 10:00am', 'Monday, 5 June 2017', 'i3', 'Jill')
INSERT INTO INSTRUCTORAVAIL(TIMES, DATES, IUSERNAME, IFNAME) VALUES ('10:00am - 11.00am', 'Monday, 5 June 2017', 'i3', 'Jill')
INSERT INTO INSTRUCTORAVAIL(TIMES, DATES, IUSERNAME, IFNAME) VALUES ('11:00am - 12:00pm', 'Monday, 5 June 2017', 'i3', 'Jill')
INSERT INTO INSTRUCTORAVAIL(TIMES, DATES, IUSERNAME, IFNAME) VALUES ('12:00pm - 1:00pm', 'Monday, 5 June 2017', 'i3', 'Jill')
INSERT INTO INSTRUCTORAVAIL(TIMES, DATES, IUSERNAME, IFNAME) VALUES ('1:00pm - 2:00pm', 'Monday, 5 June 2017', 'i3', 'Jill')
INSERT INTO INSTRUCTORAVAIL(TIMES, DATES, IUSERNAME, IFNAME) VALUES ('2:00am - 3:00pm', 'Monday, 5 June 2017', 'i3', 'Jill')
INSERT INTO INSTRUCTORAVAIL(TIMES, DATES, IUSERNAME, IFNAME) VALUES ('3:00pm - 4:00pm', 'Monday, 5 June 2017', 'i3', 'Jill')
INSERT INTO INSTRUCTORAVAIL(TIMES, DATES, IUSERNAME, IFNAME) VALUES ('4:00pm - 5:00pm', 'Monday, 5 June 2017', 'i3', 'Jill')

INSERT INTO INSTRUCTORAVAIL(TIMES, DATES, IUSERNAME, IFNAME) VALUES ('9:00am - 10:00am', 'Tuesday, 6 June 2017', 'i3', 'Jill')
INSERT INTO INSTRUCTORAVAIL(TIMES, DATES, IUSERNAME, IFNAME) VALUES ('10:00am - 11.00am', 'Tuesday, 6 June 2017', 'i3', 'Jill')
INSERT INTO INSTRUCTORAVAIL(TIMES, DATES, IUSERNAME, IFNAME) VALUES ('11:00am - 12:00pm', 'Tuesday, 6 June 2017', 'i3', 'Jill')
INSERT INTO INSTRUCTORAVAIL(TIMES, DATES, IUSERNAME, IFNAME) VALUES ('12:00pm - 1:00pm', 'Tuesday, 6 June 2017', 'i3', 'Jill')
INSERT INTO INSTRUCTORAVAIL(TIMES, DATES, IUSERNAME, IFNAME) VALUES ('1:00pm - 2:00pm', 'Tuesday, 6 June 2017', 'i3', 'Jill')
INSERT INTO INSTRUCTORAVAIL(TIMES, DATES, IUSERNAME, IFNAME) VALUES ('2:00am - 3:00pm', 'Tuesday, 6 June 2017', 'i3', 'Jill')
INSERT INTO INSTRUCTORAVAIL(TIMES, DATES, IUSERNAME, IFNAME) VALUES ('3:00pm - 4:00pm', 'Tuesday, 6 June 2017', 'i3', 'Jill')
INSERT INTO INSTRUCTORAVAIL(TIMES, DATES, IUSERNAME, IFNAME) VALUES ('4:00pm - 5:00pm', 'Tuesday, 6 June 2017', 'i3', 'Jill')

INSERT INTO INSTRUCTORAVAIL(TIMES, DATES, IUSERNAME, IFNAME) VALUES ('9:00am - 10:00am', 'Wednesday, 7 June 2017', 'i3', 'Jill')
INSERT INTO INSTRUCTORAVAIL(TIMES, DATES, IUSERNAME, IFNAME) VALUES ('10:00am - 11.00am', 'Wednesday, 7 June 2017', 'i3', 'Jill')
INSERT INTO INSTRUCTORAVAIL(TIMES, DATES, IUSERNAME, IFNAME) VALUES ('11:00am - 12:00pm', 'Wednesday, 7 June 2017', 'i3', 'Jill')
INSERT INTO INSTRUCTORAVAIL(TIMES, DATES, IUSERNAME, IFNAME) VALUES ('12:00pm - 1:00pm', 'Wednesday, 7 June 2017', 'i3', 'Jill')
INSERT INTO INSTRUCTORAVAIL(TIMES, DATES, IUSERNAME, IFNAME) VALUES ('1:00pm - 2:00pm', 'Wednesday, 7 June 2017', 'i3', 'Jill')
INSERT INTO INSTRUCTORAVAIL(TIMES, DATES, IUSERNAME, IFNAME) VALUES ('2:00am - 3:00pm', 'Wednesday, 7 June 2017', 'i3', 'Jill')
INSERT INTO INSTRUCTORAVAIL(TIMES, DATES, IUSERNAME, IFNAME) VALUES ('3:00pm - 4:00pm', 'Wednesday, 7 June 2017', 'i3', 'Jill')
INSERT INTO INSTRUCTORAVAIL(TIMES, DATES, IUSERNAME, IFNAME) VALUES ('4:00pm - 5:00pm', 'Wednesday, 7 June 2017', 'i3', 'Jill')

INSERT INTO INSTRUCTORAVAIL(TIMES, DATES, IUSERNAME, IFNAME) VALUES ('9:00am - 10:00am', 'Thursday, 8 June 2017', 'i3', 'Jill')
INSERT INTO INSTRUCTORAVAIL(TIMES, DATES, IUSERNAME, IFNAME) VALUES ('10:00am - 11.00am', 'Thursday, 8 June 2017', 'i3', 'Jill')
INSERT INTO INSTRUCTORAVAIL(TIMES, DATES, IUSERNAME, IFNAME) VALUES ('11:00am - 12:00pm', 'Thursday, 8 June 2017', 'i3', 'Jill')
INSERT INTO INSTRUCTORAVAIL(TIMES, DATES, IUSERNAME, IFNAME) VALUES ('12:00pm - 1:00pm', 'Thursday, 8 June 2017', 'i3', 'Jill')
INSERT INTO INSTRUCTORAVAIL(TIMES, DATES, IUSERNAME, IFNAME) VALUES ('1:00pm - 2:00pm', 'Thursday, 8 June 2017', 'i3', 'Jill')
INSERT INTO INSTRUCTORAVAIL(TIMES, DATES, IUSERNAME, IFNAME) VALUES ('2:00am - 3:00pm', 'Thursday, 8 June 2017', 'i3', 'Jill')
INSERT INTO INSTRUCTORAVAIL(TIMES, DATES, IUSERNAME, IFNAME) VALUES ('3:00pm - 4:00pm', 'Thursday, 8 June 2017', 'i3', 'Jill')
INSERT INTO INSTRUCTORAVAIL(TIMES, DATES, IUSERNAME, IFNAME) VALUES ('4:00pm - 5:00pm', 'Thursday, 8 June 2017', 'i3', 'Jill')

INSERT INTO INSTRUCTORAVAIL(TIMES, DATES, IUSERNAME, IFNAME) VALUES ('9:00am - 10:00am', 'Friday, 9 June 2017', 'i3', 'Jill')
INSERT INTO INSTRUCTORAVAIL(TIMES, DATES, IUSERNAME, IFNAME) VALUES ('10:00am - 11.00am', 'Friday, 9 June 2017', 'i3', 'Jill')
INSERT INTO INSTRUCTORAVAIL(TIMES, DATES, IUSERNAME, IFNAME) VALUES ('11:00am - 12:00pm', 'Friday, 9 June 2017', 'i3', 'Jill')
INSERT INTO INSTRUCTORAVAIL(TIMES, DATES, IUSERNAME, IFNAME) VALUES ('12:00pm - 1:00pm', 'Friday, 9 June 2017', 'i3', 'Jill')
INSERT INTO INSTRUCTORAVAIL(TIMES, DATES, IUSERNAME, IFNAME) VALUES ('1:00pm - 2:00pm', 'Friday, 9 June 2017', 'i3', 'Jill')
INSERT INTO INSTRUCTORAVAIL(TIMES, DATES, IUSERNAME, IFNAME) VALUES ('2:00am - 3:00pm', 'Friday, 9 June 2017', 'i3', 'Jill')
INSERT INTO INSTRUCTORAVAIL(TIMES, DATES, IUSERNAME, IFNAME) VALUES ('3:00pm - 4:00pm', 'Friday, 9 June 2017', 'i3', 'Jill')
INSERT INTO INSTRUCTORAVAIL(TIMES, DATES, IUSERNAME, IFNAME) VALUES ('4:00pm - 5:00pm', 'Friday, 9 June 2017', 'i3', 'Jill')

INSERT INTO INSTRUCTORAVAIL(TIMES, DATES, IUSERNAME, IFNAME) VALUES ('9:00am - 10:00am', 'Saturday, 10 June 2017', 'i3', 'Jill')
INSERT INTO INSTRUCTORAVAIL(TIMES, DATES, IUSERNAME, IFNAME) VALUES ('10:00am - 11.00am', 'Saturday, 10 June 2017', 'i3', 'Jill')
INSERT INTO INSTRUCTORAVAIL(TIMES, DATES, IUSERNAME, IFNAME) VALUES ('11:00am - 12:00pm', 'Saturday, 10 June 2017', 'i3', 'Jill')
INSERT INTO INSTRUCTORAVAIL(TIMES, DATES, IUSERNAME, IFNAME) VALUES ('12:00pm - 1:00pm', 'Saturday, 10 June 2017', 'i3', 'Jill')
INSERT INTO INSTRUCTORAVAIL(TIMES, DATES, IUSERNAME, IFNAME) VALUES ('1:00pm - 2:00pm', 'Saturday, 10 June 2017', 'i3', 'Jill')
INSERT INTO INSTRUCTORAVAIL(TIMES, DATES, IUSERNAME, IFNAME) VALUES ('2:00am - 3:00pm', 'Saturday, 10 June 2017', 'i3', 'Jill')
INSERT INTO INSTRUCTORAVAIL(TIMES, DATES, IUSERNAME, IFNAME) VALUES ('3:00pm - 4:00pm', 'Saturday, 10 June 2017', 'i3', 'Jill')
INSERT INTO INSTRUCTORAVAIL(TIMES, DATES, IUSERNAME, IFNAME) VALUES ('4:00pm - 5:00pm', 'Saturday, 10 June 2017', 'i3', 'Jill')








SELECT * FROM CAR

SELECT * FROM INSTRUCTORAVAIL

SELECT * FROM TIMESLOTFINAL

SELECT * FROM CLIENT

SELECT * FROM INSTRUCTOR

SELECT * FROM ADMINISTRATOR

SELECT * FROM VEHICLEBOOKING

SELECT * FROM TIMEPLUSDATES

DROP TABLE ADMINISTRATOR

DROP TABLE CLIENT

DROP TABLE INSTRUCTOR

DROP TABLE TIMESLOTFINAL

DROP TABLE INSTRUCTORAVAIL

DROP TABLE VEHICLEBOOKING

DROP TABLE TIMEPLUSDATES

DROP TABLE CAR

--SELECT LICENSE FROM CAR

--SELECT * FROM TIMEPLUSDATES 

----TRUNCATE TABLE TIMEPLUSDATES

--SELECT TIMES,DATES FROM TIMEPLUSDATES WHERE not DATES = 'Thursday, 1 June 2017'

--SELECT TIMES,DATES FROM TIMEPLUSDATES

--SELECT TIMES FROM TIMEPLUSDATES WHERE DATES = 'Sunday, 30 April 2017'
--SELECT TIMES FROM TIMEPLUSDATES WHERE DATES = 'Thursday, 1 June 2017'

----UPDATE TIMEPLUSDATES SET DATES = 'Thursday, 1 June 2017' WHERE DATES = 'Thursday 1 June 2017'

--INSERT INTO INSTRUCTORAVAIL(IFNAME, TIMES ,DATES) VALUES((SELECT IFNAME FROM INSTRUCTOR), '12:00pm - 1:00pm' , 'Monday 22 May 2017')
--INSERT INTO TIMESLOTFINAL(IFNAME, LICENSE,TIMES, DATES, CFNAME, CSNAME) VALUES ('Amy' ,'F45805','12:00pm - 1:00pm','Monday 22 May 2017','Connor', 'MacPherson')
--SELECT MAKE FROM CAR

--select * from TIMESLOTFINAL WHERE CFNAME = 'ClientsFname'

--SELECT TIMES FROM INSTRUCTORAVAIL WHERE IFNAME = 'Joe'

--INSERT INTO VEHICLEBOOKING(LICENSE, TIMES, DATES) VALUES('123ABC', (SELECT TIMES FROM INSTRUCTORAVAIL), 'Monday 22 May 2017')
--INSERT INTO INSTRUCTORAVAIL(TIMES, DATES, IFNAME) VALUES('12:00pm - 1:00pm', 'Monday 22 May 2017', (SELECT IFNAME FROM INSTRUCTOR))

--INSERT INTO INSTRUCTORAVAIL(IFNAME,TIMES,DATES) VALUES((SELECT IFNAME FROM INSTRUCTOR)+(SELECT TIMES FROM TIMEPLUSDATES)+(SELECT DATES FROM TIMEPLUSDATES))

--UPDATE TIMESLOTFINAL SET LICENSE = '123ABC' WHERE TIMES = '10:00am - 11.00am' AND DATES = 'Wednesday, 24 May 2017'

--SELECT tf.* FROM TIMESLOTFINAL tf LEFT JOIN INSTRUCTOR i on i.IFNAME = tf.IFNAME left join INSTRUCTORAVAIL ia on ia.TIMES = tf.TIMES left join INSTRUCTORAVAIL ia2 on ia2.DATES = tf.DATES left join CLIENT cf on cf.CFNAME = tf.CFNAME left join CLIENT cs on  cs.CSNAME = tf.CSNAME left join CAR c on c.LICENSE = tf.LICENSE 
--SELECT tf.* FROM TIMESLOTFINAL tf RIGHT JOIN INSTRUCTOR i on i.IFNAME = tf.IFNAME right join INSTRUCTORAVAIL ia on ia.TIMES = tf.TIMES right join INSTRUCTORAVAIL ia2 on ia2.DATES = tf.DATES right join CLIENT cf on cf.CFNAME = tf.CFNAME right join CLIENT cs on  cs.CSNAME = tf.CSNAME right join CAR c on c.LICENSE = tf.LICENSE 

--SELECT LICENSE FROM vehiclebooking WHERE DATES = 'Saturday, 6 May 2017' and times = '9:00am - 10:00am'


--SELECT DATES FROM TIMEPLUSDATES

DROP DATABASE DRIVINGSCHOOL
GO